time,direction,keys_per_minute
2026-10-10T11:00:00Z,pulled,0
2026-10-10T11:00:00Z,pushed,0
2026-10-10T11:00:15Z,pulled,0
2026-10-10T11:00:15Z,pushed,0
2026-10-10T11:00:30Z,pulled,0
2026-10-10T11:00:30Z,pushed,0
2026-10-10T11:00:45Z,pulled,0
2026-10-10T11:00:45Z,pushed,0
2026-10-10T11:01:00Z,pulled,0
2026-10-10T11:01:00Z,pushed,0
2026-10-10T11:01:15Z,pulled,0
2026-10-10T11:01:15Z,pushed,0
2026-10-10T11:01:30Z,pulled,0
2026-10-10T11:01:30Z,pushed,0
2026-10-10T11:01:45Z,pulled,0
2026-10-10T11:01:45Z,pushed,0
2026-10-10T11:02:00Z,pulled,0
2026-10-10T11:02:00Z,pushed,0
2026-10-10T11:02:15Z,pulled,0
2026-10-10T11:02:15Z,pushed,0
2026-10-10T11:02:30Z,pulled,0
2026-10-10T11:02:30Z,pushed,0
2026-10-10T11:02:45Z,pulled,0
2026-10-10T11:02:45Z,pushed,0
2026-10-10T11:03:00Z,pulled,0
2026-10-10T11:03:00Z,pushed,0
2026-10-10T11:03:15Z,pulled,0
2026-10-10T11:03:15Z,pushed,0
2026-10-10T11:03:30Z,pulled,0
2026-10-10T11:03:30Z,pushed,0
2026-10-10T11:03:45Z,pulled,0
2026-10-10T11:03:45Z,pushed,0
2026-10-10T11:04:00Z,pulled,0
2026-10-10T11:04:00Z,pushed,0
2026-10-10T11:04:15Z,pulled,0
2026-10-10T11:04:15Z,pushed,0
2026-10-10T11:04:30Z,pulled,0
2026-10-10T11:04:30Z,pushed,0
2026-10-10T11:04:45Z,pulled,0
2026-10-10T11:04:45Z,pushed,0
2026-10-10T11:05:00Z,pulled,0
2026-10-10T11:05:00Z,pushed,0
2026-10-10T11:05:15Z,pulled,0
2026-10-10T11:05:15Z,pushed,0
2026-10-10T11:05:30Z,pulled,0
2026-10-10T11:05:30Z,pushed,0
2026-10-10T11:05:45Z,pulled,0
2026-10-10T11:05:45Z,pushed,0
2026-10-10T11:06:00Z,pulled,0
2026-10-10T11:06:00Z,pushed,0
2026-10-10T11:06:15Z,pulled,95.50800000000001
2026-10-10T11:06:15Z,pushed,0
2026-10-10T11:06:30Z,pulled,95.50800000000001
2026-10-10T11:06:30Z,pushed,2.4701333333333335
2026-10-10T11:06:45Z,pulled,95.50800000000001
2026-10-10T11:06:45Z,pushed,2.4701333333333335
2026-10-10T11:07:00Z,pulled,0
2026-10-10T11:07:00Z,pushed,2.4701333333333335
2026-10-10T11:07:15Z,pulled,0
2026-10-10T11:07:15Z,pushed,0
2026-10-10T11:07:30Z,pulled,4.4064000000000005
2026-10-10T11:07:30Z,pushed,0
2026-10-10T11:07:45Z,pulled,73.51146666666666
2026-10-10T11:07:45Z,pushed,0
2026-10-10T11:08:00Z,pulled,73.51146666666666
2026-10-10T11:08:00Z,pushed,0
2026-10-10T11:08:15Z,pulled,73.10506666666666
2026-10-10T11:08:15Z,pushed,0
2026-10-10T11:08:30Z,pulled,0
2026-10-10T11:08:30Z,pushed,0
2026-10-10T11:08:45Z,pulled,0
2026-10-10T11:08:45Z,pushed,0
2026-10-10T11:09:00Z,pulled,0
2026-10-10T11:09:00Z,pushed,0
2026-10-10T11:09:15Z,pulled,0
2026-10-10T11:09:15Z,pushed,0
2026-10-10T11:09:30Z,pulled,0
2026-10-10T11:09:30Z,pushed,0
