time,instance,seconds
2026-10-10T11:05:30Z,kv-0,6.674586601
2026-10-10T11:05:30Z,kv-1,1.05109698
2026-10-10T11:05:30Z,kv-2,5.5354399579999995
2026-10-10T11:05:30Z,kv-4,5.40608185
2026-10-10T11:05:30Z,kv-5,5.241967295
2026-10-10T11:05:45Z,kv-0,6.674586601
2026-10-10T11:05:45Z,kv-1,1.05109698
2026-10-10T11:05:45Z,kv-2,5.5354399579999995
2026-10-10T11:05:45Z,kv-3,6.910974805
2026-10-10T11:05:45Z,kv-4,5.40608185
2026-10-10T11:05:45Z,kv-5,5.241967295
2026-10-10T11:06:00Z,kv-0,6.674586601
2026-10-10T11:06:00Z,kv-1,1.05109698
2026-10-10T11:06:00Z,kv-2,5.5354399579999995
2026-10-10T11:06:00Z,kv-3,6.910974805
2026-10-10T11:06:00Z,kv-4,5.40608185
2026-10-10T11:06:00Z,kv-5,5.241967295
2026-10-10T11:06:00Z,kv-6,0.005141867
2026-10-10T11:06:15Z,kv-0,4.376916197
2026-10-10T11:06:15Z,kv-1,0.936080541
2026-10-10T11:06:15Z,kv-2,0.873443148
2026-10-10T11:06:15Z,kv-3,6.910974805
2026-10-10T11:06:15Z,kv-4,1.007114145
2026-10-10T11:06:15Z,kv-5,1.5645407489999998
2026-10-10T11:06:15Z,kv-6,6.088133004
2026-10-10T11:06:30Z,kv-0,4.376916197
2026-10-10T11:06:30Z,kv-1,0.936080541
2026-10-10T11:06:30Z,kv-2,0.873443148
2026-10-10T11:06:30Z,kv-3,4.856974744
2026-10-10T11:06:30Z,kv-4,1.007114145
2026-10-10T11:06:30Z,kv-5,1.5645407489999998
2026-10-10T11:06:45Z,kv-0,4.376916197
2026-10-10T11:06:45Z,kv-1,0.936080541
2026-10-10T11:06:45Z,kv-2,0.873443148
2026-10-10T11:06:45Z,kv-3,4.856974744
2026-10-10T11:06:45Z,kv-4,1.007114145
2026-10-10T11:06:45Z,kv-5,1.5645407489999998
2026-10-10T11:07:00Z,kv-0,4.376916197
2026-10-10T11:07:00Z,kv-1,0.936080541
2026-10-10T11:07:00Z,kv-2,0.873443148
2026-10-10T11:07:00Z,kv-3,4.856974744
2026-10-10T11:07:00Z,kv-4,1.007114145
2026-10-10T11:07:00Z,kv-5,1.5645407489999998
2026-10-10T11:07:15Z,kv-0,8.849264734
2026-10-10T11:07:15Z,kv-1,5.339296039
2026-10-10T11:07:15Z,kv-2,7.521380018
2026-10-10T11:07:15Z,kv-3,9.197142734
2026-10-10T11:07:15Z,kv-4,7.120176194
2026-10-10T11:07:15Z,kv-5,6.954819746
2026-10-10T11:07:30Z,kv-0,8.849264734
2026-10-10T11:07:30Z,kv-1,1.029072725
2026-10-10T11:07:30Z,kv-2,7.521380018
2026-10-10T11:07:30Z,kv-3,9.197142734
2026-10-10T11:07:30Z,kv-4,1.161773971
2026-10-10T11:07:30Z,kv-5,2.281534522
2026-10-10T11:07:30Z,kv-6,0.004161773
2026-10-10T11:07:45Z,kv-0,5.192064113
2026-10-10T11:07:45Z,kv-1,1.029072725
2026-10-10T11:07:45Z,kv-2,1.145944166
2026-10-10T11:07:45Z,kv-3,5.39282795
2026-10-10T11:07:45Z,kv-4,1.161773971
2026-10-10T11:07:45Z,kv-5,2.281534522
2026-10-10T11:07:45Z,kv-6,7.361654136
2026-10-10T11:08:00Z,kv-0,5.192064113
2026-10-10T11:08:00Z,kv-1,1.029072725
2026-10-10T11:08:00Z,kv-2,1.145944166
2026-10-10T11:08:00Z,kv-3,5.39282795
2026-10-10T11:08:00Z,kv-4,1.161773971
2026-10-10T11:08:00Z,kv-5,2.281534522
2026-10-10T11:08:15Z,kv-0,5.192064113
2026-10-10T11:08:15Z,kv-1,1.029072725
2026-10-10T11:08:15Z,kv-2,1.145944166
2026-10-10T11:08:15Z,kv-3,5.39282795
2026-10-10T11:08:15Z,kv-4,1.161773971
2026-10-10T11:08:15Z,kv-5,2.281534522
2026-10-10T11:08:30Z,kv-0,5.192064113
2026-10-10T11:08:30Z,kv-1,1.029072725
2026-10-10T11:08:30Z,kv-2,1.145944166
2026-10-10T11:08:30Z,kv-3,5.39282795
2026-10-10T11:08:30Z,kv-4,1.161773971
2026-10-10T11:08:30Z,kv-5,2.281534522
2026-10-10T11:08:45Z,kv-0,5.192064113
2026-10-10T11:08:45Z,kv-1,1.029072725
2026-10-10T11:08:45Z,kv-2,1.145944166
2026-10-10T11:08:45Z,kv-3,5.39282795
2026-10-10T11:08:45Z,kv-4,1.161773971
2026-10-10T11:08:45Z,kv-5,2.281534522
2026-10-10T11:09:00Z,kv-0,5.192064113
2026-10-10T11:09:00Z,kv-1,1.029072725
2026-10-10T11:09:00Z,kv-2,1.145944166
2026-10-10T11:09:00Z,kv-3,5.39282795
2026-10-10T11:09:00Z,kv-4,1.161773971
2026-10-10T11:09:00Z,kv-5,2.281534522
2026-10-10T11:09:15Z,kv-0,5.192064113
2026-10-10T11:09:15Z,kv-1,1.029072725
2026-10-10T11:09:15Z,kv-2,1.145944166
2026-10-10T11:09:15Z,kv-3,5.39282795
2026-10-10T11:09:15Z,kv-4,1.161773971
2026-10-10T11:09:15Z,kv-5,2.281534522
2026-10-10T11:09:30Z,kv-0,5.192064113
2026-10-10T11:09:30Z,kv-1,1.029072725
2026-10-10T11:09:30Z,kv-2,1.145944166
2026-10-10T11:09:30Z,kv-3,5.39282795
2026-10-10T11:09:30Z,kv-4,1.161773971
2026-10-10T11:09:30Z,kv-5,2.281534522
