time,per_second
2026-10-10T11:00:00Z,0
2026-10-10T11:00:15Z,0
2026-10-10T11:00:30Z,0
2026-10-10T11:00:45Z,0
2026-10-10T11:01:00Z,0
2026-10-10T11:01:15Z,0
2026-10-10T11:01:30Z,0
2026-10-10T11:01:45Z,0
2026-10-10T11:02:00Z,0
2026-10-10T11:02:15Z,0
2026-10-10T11:02:30Z,0
2026-10-10T11:02:45Z,0
2026-10-10T11:03:00Z,0
2026-10-10T11:03:15Z,0
2026-10-10T11:03:30Z,0
2026-10-10T11:03:45Z,0
2026-10-10T11:04:00Z,0
2026-10-10T11:04:15Z,0
2026-10-10T11:04:30Z,0
2026-10-10T11:04:45Z,0
2026-10-10T11:05:00Z,0
2026-10-10T11:05:15Z,0
2026-10-10T11:05:30Z,0
2026-10-10T11:05:45Z,6.090144444444445
2026-10-10T11:06:00Z,6.090144444444445
2026-10-10T11:06:15Z,6.090144444444445
2026-10-10T11:06:30Z,0
2026-10-10T11:06:45Z,0
2026-10-10T11:07:00Z,0
2026-10-10T11:07:15Z,0
2026-10-10T11:07:30Z,0
2026-10-10T11:07:45Z,0
2026-10-10T11:08:00Z,0
2026-10-10T11:08:15Z,0
2026-10-10T11:08:30Z,0
2026-10-10T11:08:45Z,0
2026-10-10T11:09:00Z,0
2026-10-10T11:09:15Z,0
2026-10-10T11:09:30Z,0
