time,instance,epoch
2026-10-10T11:00:00Z,kv-0,0
2026-10-10T11:00:00Z,kv-1,0
2026-10-10T11:00:00Z,kv-2,0
2026-10-10T11:00:00Z,kv-3,0
2026-10-10T11:00:00Z,kv-4,0
2026-10-10T11:00:00Z,kv-5,0
2026-10-10T11:00:15Z,kv-0,0
2026-10-10T11:00:15Z,kv-1,0
2026-10-10T11:00:15Z,kv-2,0
2026-10-10T11:00:15Z,kv-3,0
2026-10-10T11:00:15Z,kv-4,0
2026-10-10T11:00:15Z,kv-5,0
2026-10-10T11:00:30Z,kv-0,0
2026-10-10T11:00:30Z,kv-1,0
2026-10-10T11:00:30Z,kv-2,0
2026-10-10T11:00:30Z,kv-3,0
2026-10-10T11:00:30Z,kv-4,0
2026-10-10T11:00:30Z,kv-5,0
2026-10-10T11:00:45Z,kv-0,0
2026-10-10T11:00:45Z,kv-1,0
2026-10-10T11:00:45Z,kv-2,0
2026-10-10T11:00:45Z,kv-3,0
2026-10-10T11:00:45Z,kv-4,0
2026-10-10T11:00:45Z,kv-5,0
2026-10-10T11:01:00Z,kv-0,0
2026-10-10T11:01:00Z,kv-1,0
2026-10-10T11:01:00Z,kv-2,0
2026-10-10T11:01:00Z,kv-3,0
2026-10-10T11:01:00Z,kv-4,0
2026-10-10T11:01:00Z,kv-5,0
2026-10-10T11:01:15Z,kv-0,0
2026-10-10T11:01:15Z,kv-1,0
2026-10-10T11:01:15Z,kv-2,0
2026-10-10T11:01:15Z,kv-3,0
2026-10-10T11:01:15Z,kv-4,0
2026-10-10T11:01:15Z,kv-5,0
2026-10-10T11:01:30Z,kv-0,0
2026-10-10T11:01:30Z,kv-1,0
2026-10-10T11:01:30Z,kv-2,0
2026-10-10T11:01:30Z,kv-3,0
2026-10-10T11:01:30Z,kv-4,0
2026-10-10T11:01:30Z,kv-5,0
2026-10-10T11:01:45Z,kv-0,0
2026-10-10T11:01:45Z,kv-1,0
2026-10-10T11:01:45Z,kv-2,0
2026-10-10T11:01:45Z,kv-3,0
2026-10-10T11:01:45Z,kv-4,0
2026-10-10T11:01:45Z,kv-5,0
2026-10-10T11:02:00Z,kv-0,0
2026-10-10T11:02:00Z,kv-1,0
2026-10-10T11:02:00Z,kv-2,0
2026-10-10T11:02:00Z,kv-3,0
2026-10-10T11:02:00Z,kv-4,0
2026-10-10T11:02:00Z,kv-5,0
2026-10-10T11:02:15Z,kv-0,0
2026-10-10T11:02:15Z,kv-1,0
2026-10-10T11:02:15Z,kv-2,0
2026-10-10T11:02:15Z,kv-3,0
2026-10-10T11:02:15Z,kv-4,0
2026-10-10T11:02:15Z,kv-5,0
2026-10-10T11:02:30Z,kv-0,0
2026-10-10T11:02:30Z,kv-1,0
2026-10-10T11:02:30Z,kv-2,0
2026-10-10T11:02:30Z,kv-3,0
2026-10-10T11:02:30Z,kv-4,0
2026-10-10T11:02:30Z,kv-5,0
2026-10-10T11:02:45Z,kv-0,0
2026-10-10T11:02:45Z,kv-1,0
2026-10-10T11:02:45Z,kv-2,0
2026-10-10T11:02:45Z,kv-3,0
2026-10-10T11:02:45Z,kv-4,0
2026-10-10T11:02:45Z,kv-5,0
2026-10-10T11:03:00Z,kv-0,0
2026-10-10T11:03:00Z,kv-1,0
2026-10-10T11:03:00Z,kv-2,0
2026-10-10T11:03:00Z,kv-3,0
2026-10-10T11:03:00Z,kv-4,0
2026-10-10T11:03:00Z,kv-5,0
2026-10-10T11:03:15Z,kv-0,0
2026-10-10T11:03:15Z,kv-1,0
2026-10-10T11:03:15Z,kv-2,0
2026-10-10T11:03:15Z,kv-3,0
2026-10-10T11:03:15Z,kv-4,0
2026-10-10T11:03:15Z,kv-5,0
2026-10-10T11:03:30Z,kv-0,0
2026-10-10T11:03:30Z,kv-1,0
2026-10-10T11:03:30Z,kv-2,0
2026-10-10T11:03:30Z,kv-3,0
2026-10-10T11:03:30Z,kv-4,0
2026-10-10T11:03:30Z,kv-5,0
2026-10-10T11:03:45Z,kv-0,0
2026-10-10T11:03:45Z,kv-1,0
2026-10-10T11:03:45Z,kv-2,0
2026-10-10T11:03:45Z,kv-3,0
2026-10-10T11:03:45Z,kv-4,0
2026-10-10T11:03:45Z,kv-5,0
2026-10-10T11:04:00Z,kv-0,0
2026-10-10T11:04:00Z,kv-1,0
2026-10-10T11:04:00Z,kv-2,0
2026-10-10T11:04:00Z,kv-3,0
2026-10-10T11:04:00Z,kv-4,0
2026-10-10T11:04:00Z,kv-5,0
2026-10-10T11:04:15Z,kv-0,0
2026-10-10T11:04:15Z,kv-1,0
2026-10-10T11:04:15Z,kv-2,0
2026-10-10T11:04:15Z,kv-3,0
2026-10-10T11:04:15Z,kv-4,0
2026-10-10T11:04:15Z,kv-5,0
2026-10-10T11:04:30Z,kv-0,0
2026-10-10T11:04:30Z,kv-1,0
2026-10-10T11:04:30Z,kv-2,0
2026-10-10T11:04:30Z,kv-3,0
2026-10-10T11:04:30Z,kv-4,0
2026-10-10T11:04:30Z,kv-5,0
2026-10-10T11:04:45Z,kv-0,0
2026-10-10T11:04:45Z,kv-1,0
2026-10-10T11:04:45Z,kv-2,0
2026-10-10T11:04:45Z,kv-3,0
2026-10-10T11:04:45Z,kv-4,0
2026-10-10T11:04:45Z,kv-5,0
2026-10-10T11:05:00Z,kv-0,0
2026-10-10T11:05:00Z,kv-1,0
2026-10-10T11:05:00Z,kv-2,0
2026-10-10T11:05:00Z,kv-3,0
2026-10-10T11:05:00Z,kv-4,0
2026-10-10T11:05:00Z,kv-5,0
2026-10-10T11:05:15Z,kv-0,0
2026-10-10T11:05:15Z,kv-1,0
2026-10-10T11:05:15Z,kv-2,0
2026-10-10T11:05:15Z,kv-3,0
2026-10-10T11:05:15Z,kv-4,0
2026-10-10T11:05:15Z,kv-5,1
2026-10-10T11:05:30Z,kv-0,1
2026-10-10T11:05:30Z,kv-1,1
2026-10-10T11:05:30Z,kv-2,1
2026-10-10T11:05:30Z,kv-3,1
2026-10-10T11:05:30Z,kv-4,1
2026-10-10T11:05:30Z,kv-5,1
2026-10-10T11:05:45Z,kv-0,1
2026-10-10T11:05:45Z,kv-1,1
2026-10-10T11:05:45Z,kv-2,1
2026-10-10T11:05:45Z,kv-3,1
2026-10-10T11:05:45Z,kv-4,1
2026-10-10T11:05:45Z,kv-5,1
2026-10-10T11:06:00Z,kv-0,1
2026-10-10T11:06:00Z,kv-1,1
2026-10-10T11:06:00Z,kv-2,1
2026-10-10T11:06:00Z,kv-3,1
2026-10-10T11:06:00Z,kv-4,1
2026-10-10T11:06:00Z,kv-5,1
2026-10-10T11:06:00Z,kv-6,1
2026-10-10T11:06:15Z,kv-0,2
2026-10-10T11:06:15Z,kv-1,2
2026-10-10T11:06:15Z,kv-2,2
2026-10-10T11:06:15Z,kv-3,2
2026-10-10T11:06:15Z,kv-4,2
2026-10-10T11:06:15Z,kv-5,2
2026-10-10T11:06:15Z,kv-6,2
2026-10-10T11:06:30Z,kv-0,2
2026-10-10T11:06:30Z,kv-1,2
2026-10-10T11:06:30Z,kv-2,2
2026-10-10T11:06:30Z,kv-3,2
2026-10-10T11:06:30Z,kv-4,2
2026-10-10T11:06:30Z,kv-5,2
2026-10-10T11:06:45Z,kv-0,2
2026-10-10T11:06:45Z,kv-1,2
2026-10-10T11:06:45Z,kv-2,2
2026-10-10T11:06:45Z,kv-3,2
2026-10-10T11:06:45Z,kv-4,2
2026-10-10T11:06:45Z,kv-5,2
2026-10-10T11:07:00Z,kv-0,2
2026-10-10T11:07:00Z,kv-1,3
2026-10-10T11:07:00Z,kv-2,2
2026-10-10T11:07:00Z,kv-3,2
2026-10-10T11:07:00Z,kv-4,3
2026-10-10T11:07:00Z,kv-5,3
2026-10-10T11:07:15Z,kv-0,3
2026-10-10T11:07:15Z,kv-1,3
2026-10-10T11:07:15Z,kv-2,3
2026-10-10T11:07:15Z,kv-3,3
2026-10-10T11:07:15Z,kv-4,3
2026-10-10T11:07:15Z,kv-5,3
2026-10-10T11:07:30Z,kv-0,3
2026-10-10T11:07:30Z,kv-1,4
2026-10-10T11:07:30Z,kv-2,3
2026-10-10T11:07:30Z,kv-3,3
2026-10-10T11:07:30Z,kv-4,4
2026-10-10T11:07:30Z,kv-5,4
2026-10-10T11:07:30Z,kv-6,3
2026-10-10T11:07:45Z,kv-0,4
2026-10-10T11:07:45Z,kv-1,4
2026-10-10T11:07:45Z,kv-2,4
2026-10-10T11:07:45Z,kv-3,4
2026-10-10T11:07:45Z,kv-4,4
2026-10-10T11:07:45Z,kv-5,4
2026-10-10T11:07:45Z,kv-6,4
2026-10-10T11:08:00Z,kv-0,4
2026-10-10T11:08:00Z,kv-1,4
2026-10-10T11:08:00Z,kv-2,4
2026-10-10T11:08:00Z,kv-3,4
2026-10-10T11:08:00Z,kv-4,4
2026-10-10T11:08:00Z,kv-5,4
2026-10-10T11:08:15Z,kv-0,4
2026-10-10T11:08:15Z,kv-1,4
2026-10-10T11:08:15Z,kv-2,4
2026-10-10T11:08:15Z,kv-3,4
2026-10-10T11:08:15Z,kv-4,4
2026-10-10T11:08:15Z,kv-5,4
2026-10-10T11:08:30Z,kv-0,4
2026-10-10T11:08:30Z,kv-1,4
2026-10-10T11:08:30Z,kv-2,4
2026-10-10T11:08:30Z,kv-3,4
2026-10-10T11:08:30Z,kv-4,4
2026-10-10T11:08:30Z,kv-5,4
2026-10-10T11:08:45Z,kv-0,4
2026-10-10T11:08:45Z,kv-1,4
2026-10-10T11:08:45Z,kv-2,4
2026-10-10T11:08:45Z,kv-3,4
2026-10-10T11:08:45Z,kv-4,4
2026-10-10T11:08:45Z,kv-5,4
2026-10-10T11:09:00Z,kv-0,4
2026-10-10T11:09:00Z,kv-1,4
2026-10-10T11:09:00Z,kv-2,4
2026-10-10T11:09:00Z,kv-3,4
2026-10-10T11:09:00Z,kv-4,4
2026-10-10T11:09:00Z,kv-5,4
2026-10-10T11:09:15Z,kv-0,4
2026-10-10T11:09:15Z,kv-1,4
2026-10-10T11:09:15Z,kv-2,4
2026-10-10T11:09:15Z,kv-3,4
2026-10-10T11:09:15Z,kv-4,4
2026-10-10T11:09:15Z,kv-5,4
2026-10-10T11:09:30Z,kv-0,4
2026-10-10T11:09:30Z,kv-1,4
2026-10-10T11:09:30Z,kv-2,4
2026-10-10T11:09:30Z,kv-3,4
2026-10-10T11:09:30Z,kv-4,4
2026-10-10T11:09:30Z,kv-5,4
