time,code,puts_per_second
2026-10-10T11:01:00Z,OK,5.026282222222222
2026-10-10T11:01:15Z,OK,7.403374444444445
2026-10-10T11:01:30Z,OK,10.467607037037038
2026-10-10T11:01:45Z,OK,10.777777777777777
2026-10-10T11:02:00Z,OK,10.755555555555555
2026-10-10T11:02:15Z,OK,10.777777777777777
2026-10-10T11:02:30Z,OK,10.71111111111111
2026-10-10T11:02:45Z,OK,11.066666666666666
2026-10-10T11:03:00Z,OK,10.733333333333333
2026-10-10T11:03:15Z,OK,10.91111111111111
2026-10-10T11:03:30Z,OK,10.688888888888888
2026-10-10T11:03:45Z,OK,10.733333333333333
2026-10-10T11:04:00Z,OK,10.777777777777777
2026-10-10T11:04:15Z,OK,10.777662229925411
2026-10-10T11:04:30Z,OK,11.088888888888889
2026-10-10T11:04:45Z,OK,10.555555555555554
2026-10-10T11:05:00Z,OK,10.511238527012912
2026-10-10T11:05:15Z,OK,9.822222222222221
2026-10-10T11:05:30Z,OK,9.333333333333332
2026-10-10T11:05:45Z,OK,8.177777777777777
2026-10-10T11:06:00Z,OK,7.666666666666666
2026-10-10T11:06:15Z,OK,8.473377777777777
2026-10-10T11:06:30Z,OK,9.333333333333332
2026-10-10T11:06:45Z,OK,10.01551111111111
2026-10-10T11:07:00Z,OK,9.999999999999998
2026-10-10T11:07:15Z,OK,9.933333333333332
2026-10-10T11:07:30Z,OK,9.755555555555555
2026-10-10T11:07:45Z,OK,9.534004444444443
2026-10-10T11:08:00Z,OK,9.888888888888888
2026-10-10T11:08:15Z,OK,10.465995555555555
2026-10-10T11:08:30Z,OK,10.733333333333333
2026-10-10T11:08:45Z,OK,10.955555555555554
2026-10-10T11:09:00Z,OK,10.599999999999998
2026-10-10T11:09:15Z,OK,9.399999999999999
2026-10-10T11:09:30Z,OK,5.799999999999999
