time,instance,method,requests_per_second
2026-10-10T11:01:00Z,kv-0,Put,0.8615966666666667
2026-10-10T11:01:00Z,kv-1,Put,0.7548600000000001
2026-10-10T11:01:00Z,kv-2,Put,0.8072222222222224
2026-10-10T11:01:00Z,kv-3,Put,0.8957600000000001
2026-10-10T11:01:00Z,kv-4,Put,0.7871599999999999
2026-10-10T11:01:00Z,kv-5,Put,0.9196833333333333
2026-10-10T11:01:15Z,kv-0,Put,1.4222383333333333
2026-10-10T11:01:15Z,kv-1,Put,1.1379233333333334
2026-10-10T11:01:15Z,kv-2,Put,1.0124444444444445
2026-10-10T11:01:15Z,kv-3,Put,1.1595366666666669
2026-10-10T11:01:15Z,kv-4,Put,1.2755733333333337
2026-10-10T11:01:15Z,kv-5,Put,1.3956583333333334
2026-10-10T11:01:30Z,kv-0,Put,1.984982222222222
2026-10-10T11:01:30Z,kv-1,Put,1.6425829629629631
2026-10-10T11:01:30Z,kv-2,Put,1.4833407407407408
2026-10-10T11:01:30Z,kv-3,Put,1.4997422222222223
2026-10-10T11:01:30Z,kv-4,Put,1.81568
2026-10-10T11:01:30Z,kv-5,Put,2.041278888888889
2026-10-10T11:01:45Z,kv-0,Put,1.911111111111111
2026-10-10T11:01:45Z,kv-1,Put,1.7111111111111108
2026-10-10T11:01:45Z,kv-2,Put,1.7333333333333332
2026-10-10T11:01:45Z,kv-3,Put,1.3777777777777775
2026-10-10T11:01:45Z,kv-4,Put,1.9333333333333331
2026-10-10T11:01:45Z,kv-5,Put,2.1111111111111107
2026-10-10T11:02:00Z,kv-0,Put,1.6888888888888887
2026-10-10T11:02:00Z,kv-1,Put,1.7333333333333332
2026-10-10T11:02:00Z,kv-2,Put,1.8888888888888886
2026-10-10T11:02:00Z,kv-3,Put,1.5777777777777775
2026-10-10T11:02:00Z,kv-4,Put,1.8666666666666665
2026-10-10T11:02:00Z,kv-5,Put,1.9999999999999998
2026-10-10T11:02:15Z,kv-0,Put,1.5777777777777775
2026-10-10T11:02:15Z,kv-1,Put,1.7555555555555553
2026-10-10T11:02:15Z,kv-2,Put,1.8666666666666665
2026-10-10T11:02:15Z,kv-3,Put,1.8444444444444443
2026-10-10T11:02:15Z,kv-4,Put,1.7999999999999998
2026-10-10T11:02:15Z,kv-5,Put,1.9333333333333331
2026-10-10T11:02:30Z,kv-0,Put,1.822222222222222
2026-10-10T11:02:30Z,kv-1,Put,1.7999999999999998
2026-10-10T11:02:30Z,kv-2,Put,1.6444444444444442
2026-10-10T11:02:30Z,kv-3,Put,1.8666666666666665
2026-10-10T11:02:30Z,kv-4,Put,1.8444444444444443
2026-10-10T11:02:30Z,kv-5,Put,1.7333333333333332
2026-10-10T11:02:45Z,kv-0,Put,1.9333333333333331
2026-10-10T11:02:45Z,kv-1,Put,1.7777777777777777
2026-10-10T11:02:45Z,kv-2,Put,1.7999999999999998
2026-10-10T11:02:45Z,kv-3,Put,1.911111111111111
2026-10-10T11:02:45Z,kv-4,Put,1.8666666666666665
2026-10-10T11:02:45Z,kv-5,Put,1.7777777777777777
2026-10-10T11:03:00Z,kv-0,Put,1.8666666666666665
2026-10-10T11:03:00Z,kv-1,Put,1.911111111111111
2026-10-10T11:03:00Z,kv-2,Put,1.7333333333333332
2026-10-10T11:03:00Z,kv-3,Put,1.911111111111111
2026-10-10T11:03:00Z,kv-4,Put,1.6888888888888887
2026-10-10T11:03:00Z,kv-5,Put,1.622222222222222
2026-10-10T11:03:15Z,kv-0,Put,1.7777777777777777
2026-10-10T11:03:15Z,kv-1,Put,1.911111111111111
2026-10-10T11:03:15Z,kv-2,Put,1.9555555555555553
2026-10-10T11:03:15Z,kv-3,Put,1.9333333333333331
2026-10-10T11:03:15Z,kv-4,Put,1.6666666666666665
2026-10-10T11:03:15Z,kv-5,Put,1.6666666666666665
2026-10-10T11:03:30Z,kv-0,Put,1.6888888888888887
2026-10-10T11:03:30Z,kv-1,Put,1.8888888888888886
2026-10-10T11:03:30Z,kv-2,Put,2.0666666666666664
2026-10-10T11:03:30Z,kv-3,Put,1.7555555555555553
2026-10-10T11:03:30Z,kv-4,Put,1.6666666666666665
2026-10-10T11:03:30Z,kv-5,Put,1.622222222222222
2026-10-10T11:03:45Z,kv-0,Put,1.6888888888888887
2026-10-10T11:03:45Z,kv-1,Put,1.4666666666666666
2026-10-10T11:03:45Z,kv-2,Put,2.3777777777777773
2026-10-10T11:03:45Z,kv-3,Put,1.7333333333333332
2026-10-10T11:03:45Z,kv-4,Put,1.7555555555555553
2026-10-10T11:03:45Z,kv-5,Put,1.7111111111111108
2026-10-10T11:04:00Z,kv-0,Put,1.5555555555555554
2026-10-10T11:04:00Z,kv-1,Put,1.2888888888888888
2026-10-10T11:04:00Z,kv-2,Put,2.311111111111111
2026-10-10T11:04:00Z,kv-3,Put,1.8888888888888886
2026-10-10T11:04:00Z,kv-4,Put,1.9333333333333331
2026-10-10T11:04:00Z,kv-5,Put,1.7999999999999998
2026-10-10T11:04:15Z,kv-0,Put,1.822222222222222
2026-10-10T11:04:15Z,kv-1,Put,1.3777777777777775
2026-10-10T11:04:15Z,kv-2,Put,2.0888888888888886
2026-10-10T11:04:15Z,kv-3,Put,2.022222222222222
2026-10-10T11:04:15Z,kv-4,Put,1.733217785480968
2026-10-10T11:04:15Z,kv-5,Put,1.7333333333333332
2026-10-10T11:04:30Z,kv-0,Put,2.0444444444444443
2026-10-10T11:04:30Z,kv-1,Put,1.5777777777777775
2026-10-10T11:04:30Z,kv-2,Put,1.911111111111111
2026-10-10T11:04:30Z,kv-3,Put,1.8888888888888886
2026-10-10T11:04:30Z,kv-4,Put,1.8444444444444443
2026-10-10T11:04:30Z,kv-5,Put,1.822222222222222
2026-10-10T11:04:45Z,kv-0,Put,2.1111111111111107
2026-10-10T11:04:45Z,kv-1,Put,1.6444444444444442
2026-10-10T11:04:45Z,kv-2,Put,1.7333333333333332
2026-10-10T11:04:45Z,kv-3,Put,1.822222222222222
2026-10-10T11:04:45Z,kv-4,Put,1.5999999999999999
2026-10-10T11:04:45Z,kv-5,Put,1.6444444444444442
2026-10-10T11:05:00Z,kv-0,Put,1.8666666666666665
2026-10-10T11:05:00Z,kv-1,Put,1.5333333333333332
2026-10-10T11:05:00Z,kv-2,Put,1.7333333333333332
2026-10-10T11:05:00Z,kv-3,Put,1.8444444444444443
2026-10-10T11:05:00Z,kv-4,Put,1.9112385270129122
2026-10-10T11:05:00Z,kv-5,Put,1.622222222222222
2026-10-10T11:05:15Z,kv-0,Put,1.6444444444444442
2026-10-10T11:05:15Z,kv-1,Put,1.4444444444444442
2026-10-10T11:05:15Z,kv-2,Put,1.5777777777777775
2026-10-10T11:05:15Z,kv-3,Put,1.8666666666666665
2026-10-10T11:05:15Z,kv-4,Put,1.8666666666666665
2026-10-10T11:05:15Z,kv-5,Put,1.422222222222222
2026-10-10T11:05:30Z,kv-0,Put,1.5999999999999999
2026-10-10T11:05:30Z,kv-1,Put,1.2444444444444442
2026-10-10T11:05:30Z,kv-2,Put,1.5555555555555554
2026-10-10T11:05:30Z,kv-3,Put,1.8666666666666665
2026-10-10T11:05:30Z,kv-4,Put,1.7999999999999998
2026-10-10T11:05:30Z,kv-5,Put,1.2666666666666666
2026-10-10T11:05:45Z,kv-0,Put,1.4
2026-10-10T11:05:45Z,kv-1,Put,1.1777777777777776
2026-10-10T11:05:45Z,kv-2,Put,1.3777777777777775
2026-10-10T11:05:45Z,kv-3,Put,1.5999999999999999
2026-10-10T11:05:45Z,kv-4,Put,1.3555555555555554
2026-10-10T11:05:45Z,kv-5,Put,1.2666666666666666
2026-10-10T11:06:00Z,kv-0,Put,1.3777777777777775
2026-10-10T11:06:00Z,kv-1,Put,1.311111111111111
2026-10-10T11:06:00Z,kv-2,Put,1.222222222222222
2026-10-10T11:06:00Z,kv-3,Put,1.5555555555555554
2026-10-10T11:06:00Z,kv-4,Put,0.9777777777777776
2026-10-10T11:06:00Z,kv-5,Put,1.222222222222222
2026-10-10T11:06:15Z,kv-0,Put,1.2888888888888888
2026-10-10T11:06:15Z,kv-1,Put,1.4
2026-10-10T11:06:15Z,kv-2,Put,1.2
2026-10-10T11:06:15Z,kv-3,Put,1.5555555555555554
2026-10-10T11:06:15Z,kv-4,Put,0.8888888888888888
2026-10-10T11:06:15Z,kv-5,Put,1.4666666666666666
2026-10-10T11:06:15Z,kv-6,Put,0.6733777777777777
2026-10-10T11:06:30Z,kv-0,Put,1.5777777777777775
2026-10-10T11:06:30Z,kv-1,Put,1.4444444444444442
2026-10-10T11:06:30Z,kv-2,Put,1.2888888888888888
2026-10-10T11:06:30Z,kv-3,Put,1.7333333333333332
2026-10-10T11:06:30Z,kv-4,Put,1.2444444444444442
2026-10-10T11:06:30Z,kv-5,Put,1.3777777777777775
2026-10-10T11:06:30Z,kv-6,Put,0.6666666666666666
2026-10-10T11:06:45Z,kv-0,Put,1.7777777777777777
2026-10-10T11:06:45Z,kv-1,Put,1.3555555555555554
2026-10-10T11:06:45Z,kv-2,Put,1.5111111111111108
2026-10-10T11:06:45Z,kv-3,Put,1.6666666666666665
2026-10-10T11:06:45Z,kv-4,Put,1.5111111111111108
2026-10-10T11:06:45Z,kv-5,Put,1.5333333333333332
2026-10-10T11:06:45Z,kv-6,Put,0.6599555555555556
2026-10-10T11:07:00Z,kv-0,Put,2.022222222222222
2026-10-10T11:07:00Z,kv-1,Put,1.422222222222222
2026-10-10T11:07:00Z,kv-2,Put,1.5111111111111108
2026-10-10T11:07:00Z,kv-3,Put,1.822222222222222
2026-10-10T11:07:00Z,kv-4,Put,1.7333333333333332
2026-10-10T11:07:00Z,kv-5,Put,1.4888888888888887
2026-10-10T11:07:15Z,kv-0,Put,1.9777777777777776
2026-10-10T11:07:15Z,kv-1,Put,1.5111111111111108
2026-10-10T11:07:15Z,kv-2,Put,1.4444444444444442
2026-10-10T11:07:15Z,kv-3,Put,1.5999999999999999
2026-10-10T11:07:15Z,kv-4,Put,1.7333333333333332
2026-10-10T11:07:15Z,kv-5,Put,1.6666666666666665
2026-10-10T11:07:30Z,kv-0,Put,1.7777777777777777
2026-10-10T11:07:30Z,kv-1,Put,1.5555555555555554
2026-10-10T11:07:30Z,kv-2,Put,1.311111111111111
2026-10-10T11:07:30Z,kv-3,Put,1.5555555555555554
2026-10-10T11:07:30Z,kv-4,Put,1.9999999999999998
2026-10-10T11:07:30Z,kv-5,Put,1.5555555555555554
2026-10-10T11:07:45Z,kv-0,Put,1.7333333333333332
2026-10-10T11:07:45Z,kv-1,Put,1.6444444444444442
2026-10-10T11:07:45Z,kv-2,Put,1.4444444444444442
2026-10-10T11:07:45Z,kv-3,Put,1.1333333333333333
2026-10-10T11:07:45Z,kv-4,Put,1.822222222222222
2026-10-10T11:07:45Z,kv-5,Put,1.6888888888888887
2026-10-10T11:07:45Z,kv-6,Put,0.06733777777777777
2026-10-10T11:08:00Z,kv-0,Put,1.822222222222222
2026-10-10T11:08:00Z,kv-1,Put,1.5333333333333332
2026-10-10T11:08:00Z,kv-2,Put,1.5777777777777775
2026-10-10T11:08:00Z,kv-3,Put,1.3777777777777775
2026-10-10T11:08:00Z,kv-4,Put,1.6666666666666665
2026-10-10T11:08:00Z,kv-5,Put,1.8444444444444443
2026-10-10T11:08:00Z,kv-6,Put,0.06666666666666667
2026-10-10T11:08:15Z,kv-0,Put,1.822222222222222
2026-10-10T11:08:15Z,kv-1,Put,1.5777777777777775
2026-10-10T11:08:15Z,kv-2,Put,1.8888888888888886
2026-10-10T11:08:15Z,kv-3,Put,1.6444444444444442
2026-10-10T11:08:15Z,kv-4,Put,1.4
2026-10-10T11:08:15Z,kv-5,Put,2.0666666666666664
2026-10-10T11:08:15Z,kv-6,Put,0.06599555555555556
2026-10-10T11:08:30Z,kv-0,Put,1.8888888888888886
2026-10-10T11:08:30Z,kv-1,Put,1.5999999999999999
2026-10-10T11:08:30Z,kv-2,Put,1.6444444444444442
2026-10-10T11:08:30Z,kv-3,Put,1.8888888888888886
2026-10-10T11:08:30Z,kv-4,Put,1.5111111111111108
2026-10-10T11:08:30Z,kv-5,Put,2.1999999999999997
2026-10-10T11:08:45Z,kv-0,Put,1.7999999999999998
2026-10-10T11:08:45Z,kv-1,Put,1.7555555555555553
2026-10-10T11:08:45Z,kv-2,Put,1.7777777777777777
2026-10-10T11:08:45Z,kv-3,Put,1.8666666666666665
2026-10-10T11:08:45Z,kv-4,Put,1.5111111111111108
2026-10-10T11:08:45Z,kv-5,Put,2.244444444444444
2026-10-10T11:09:00Z,kv-0,Put,1.8666666666666665
2026-10-10T11:09:00Z,kv-1,Put,1.5999999999999999
2026-10-10T11:09:00Z,kv-2,Put,1.7777777777777777
2026-10-10T11:09:00Z,kv-3,Put,1.6888888888888887
2026-10-10T11:09:00Z,kv-4,Put,1.5333333333333332
2026-10-10T11:09:00Z,kv-5,Put,2.133333333333333
2026-10-10T11:09:15Z,kv-0,Put,1.7555555555555553
2026-10-10T11:09:15Z,kv-1,Put,1.3555555555555554
2026-10-10T11:09:15Z,kv-2,Put,1.822222222222222
2026-10-10T11:09:15Z,kv-3,Put,1.6444444444444442
2026-10-10T11:09:15Z,kv-4,Put,1.3333333333333333
2026-10-10T11:09:15Z,kv-5,Put,1.4888888888888887
2026-10-10T11:09:30Z,kv-0,Put,1.1777777777777776
2026-10-10T11:09:30Z,kv-1,Put,0.7555555555555554
2026-10-10T11:09:30Z,kv-2,Put,1.1777777777777776
2026-10-10T11:09:30Z,kv-3,Put,1.0888888888888888
2026-10-10T11:09:30Z,kv-4,Put,0.8666666666666666
2026-10-10T11:09:30Z,kv-5,Put,0.7333333333333333
