time,instance,fsyncs_per_second
2026-10-10T11:00:00Z,kv-1,0
2026-10-10T11:00:00Z,kv-5,0
2026-10-10T11:00:15Z,kv-0,0
2026-10-10T11:00:15Z,kv-1,0
2026-10-10T11:00:15Z,kv-2,0
2026-10-10T11:00:15Z,kv-3,0
2026-10-10T11:00:15Z,kv-4,0
2026-10-10T11:00:15Z,kv-5,0
2026-10-10T11:00:30Z,kv-0,0
2026-10-10T11:00:30Z,kv-1,0
2026-10-10T11:00:30Z,kv-2,0
2026-10-10T11:00:30Z,kv-3,0
2026-10-10T11:00:30Z,kv-4,0
2026-10-10T11:00:30Z,kv-5,0
2026-10-10T11:00:45Z,kv-0,0.6295411111111111
2026-10-10T11:00:45Z,kv-1,0.829671851851852
2026-10-10T11:00:45Z,kv-2,0.23582222222222227
2026-10-10T11:00:45Z,kv-3,0.37052000000000007
2026-10-10T11:00:45Z,kv-4,0.33048
2026-10-10T11:00:45Z,kv-5,1.9485133333333335
2026-10-10T11:01:00Z,kv-0,3.0867822222222223
2026-10-10T11:01:00Z,kv-1,1.5181229629629631
2026-10-10T11:01:00Z,kv-2,2.6726518518518523
2026-10-10T11:01:00Z,kv-3,0.8851311111111112
2026-10-10T11:01:00Z,kv-4,1.5055200000000002
2026-10-10T11:01:00Z,kv-5,3.2133377777777783
2026-10-10T11:01:15Z,kv-0,6.214180000000001
2026-10-10T11:01:15Z,kv-1,2.224226666666667
2026-10-10T11:01:15Z,kv-2,4.402014814814815
2026-10-10T11:01:15Z,kv-3,1.934937777777778
2026-10-10T11:01:15Z,kv-4,3.69036
2026-10-10T11:01:15Z,kv-5,3.2133377777777783
2026-10-10T11:01:30Z,kv-0,8.517931111111112
2026-10-10T11:01:30Z,kv-1,2.533333333333333
2026-10-10T11:01:30Z,kv-2,5.545303703703704
2026-10-10T11:01:30Z,kv-3,4.252213333333334
2026-10-10T11:01:30Z,kv-4,5.844720000000001
2026-10-10T11:01:30Z,kv-5,1.8888888888888886
2026-10-10T11:01:45Z,kv-0,8.688888888888888
2026-10-10T11:01:45Z,kv-1,3.8666666666666663
2026-10-10T11:01:45Z,kv-2,4.822222222222222
2026-10-10T11:01:45Z,kv-3,6.822222222222221
2026-10-10T11:01:45Z,kv-4,7.022222222222221
2026-10-10T11:01:45Z,kv-5,1.8888888888888886
2026-10-10T11:02:00Z,kv-0,7.044444444444443
2026-10-10T11:02:00Z,kv-1,3.9555555555555553
2026-10-10T11:02:00Z,kv-2,4.644444444444444
2026-10-10T11:02:00Z,kv-3,7.288888888888888
2026-10-10T11:02:00Z,kv-4,6.666666666666666
2026-10-10T11:02:00Z,kv-5,3.2888888888888883
2026-10-10T11:02:15Z,kv-0,7.444444444444444
2026-10-10T11:02:15Z,kv-1,5.51111111111111
2026-10-10T11:02:15Z,kv-2,5.177777777777777
2026-10-10T11:02:15Z,kv-3,5.288888888888888
2026-10-10T11:02:15Z,kv-4,6.466666666666666
2026-10-10T11:02:15Z,kv-5,5.111111111111111
2026-10-10T11:02:30Z,kv-0,6.288888888888888
2026-10-10T11:02:30Z,kv-1,4.7333333333333325
2026-10-10T11:02:30Z,kv-2,4.3999999999999995
2026-10-10T11:02:30Z,kv-3,3.355555555555555
2026-10-10T11:02:30Z,kv-4,7.044444444444443
2026-10-10T11:02:30Z,kv-5,4.977777777777777
2026-10-10T11:02:45Z,kv-0,7.799999999999999
2026-10-10T11:02:45Z,kv-1,4.7333333333333325
2026-10-10T11:02:45Z,kv-2,5.066666666666666
2026-10-10T11:02:45Z,kv-3,5.111111111111111
2026-10-10T11:02:45Z,kv-4,6.622222222222222
2026-10-10T11:02:45Z,kv-5,3.5777777777777775
2026-10-10T11:03:00Z,kv-0,8.2
2026-10-10T11:03:00Z,kv-1,2.8
2026-10-10T11:03:00Z,kv-2,5.333333333333333
2026-10-10T11:03:00Z,kv-3,5.133333333333333
2026-10-10T11:03:00Z,kv-4,6.71111111111111
2026-10-10T11:03:00Z,kv-5,2.8888888888888884
2026-10-10T11:03:15Z,kv-0,9.71111111111111
2026-10-10T11:03:15Z,kv-1,3.444444444444444
2026-10-10T11:03:15Z,kv-2,7.377777777777777
2026-10-10T11:03:15Z,kv-3,4.5777777777777775
2026-10-10T11:03:15Z,kv-4,5.71111111111111
2026-10-10T11:03:15Z,kv-5,4.488888888888888
2026-10-10T11:03:30Z,kv-0,7.51111111111111
2026-10-10T11:03:30Z,kv-1,4.622222222222222
2026-10-10T11:03:30Z,kv-2,6.133333333333333
2026-10-10T11:03:30Z,kv-3,2.1999999999999997
2026-10-10T11:03:30Z,kv-4,5.311111111111111
2026-10-10T11:03:30Z,kv-5,7.666666666666666
2026-10-10T11:03:45Z,kv-0,5.288888888888888
2026-10-10T11:03:45Z,kv-1,5.844444444444444
2026-10-10T11:03:45Z,kv-2,6.466666666666666
2026-10-10T11:03:45Z,kv-3,2.244444444444444
2026-10-10T11:03:45Z,kv-4,4.066666666666666
2026-10-10T11:03:45Z,kv-5,8.333333333333332
2026-10-10T11:04:00Z,kv-0,4.355555555555555
2026-10-10T11:04:00Z,kv-1,5.6
2026-10-10T11:04:00Z,kv-2,4.888888888888888
2026-10-10T11:04:00Z,kv-3,3.9777777777777774
2026-10-10T11:04:00Z,kv-4,5.311111111111111
2026-10-10T11:04:00Z,kv-5,7.133333333333333
2026-10-10T11:04:15Z,kv-0,5.622222222222222
2026-10-10T11:04:15Z,kv-1,4.488888888888888
2026-10-10T11:04:15Z,kv-2,5.466666666666666
2026-10-10T11:04:15Z,kv-3,4.422222222222222
2026-10-10T11:04:15Z,kv-4,5.97737928582539
2026-10-10T11:04:15Z,kv-5,3.9999999999999996
2026-10-10T11:04:30Z,kv-0,7.688888888888888
2026-10-10T11:04:30Z,kv-1,3.622222222222222
2026-10-10T11:04:30Z,kv-2,5.9111111111111105
2026-10-10T11:04:30Z,kv-3,5.888888888888888
2026-10-10T11:04:30Z,kv-4,7.622222222222221
2026-10-10T11:04:30Z,kv-5,2.2666666666666666
2026-10-10T11:04:45Z,kv-0,8.266666666666666
2026-10-10T11:04:45Z,kv-1,3.3999999999999995
2026-10-10T11:04:45Z,kv-2,6.377777777777777
2026-10-10T11:04:45Z,kv-3,4.377777777777777
2026-10-10T11:04:45Z,kv-4,7.111111111111111
2026-10-10T11:04:45Z,kv-5,2.5555555555555554
2026-10-10T11:05:00Z,kv-0,8.266666666666666
2026-10-10T11:05:00Z,kv-1,3.2888888888888883
2026-10-10T11:05:00Z,kv-2,7.155555555555555
2026-10-10T11:05:00Z,kv-3,3.8666666666666663
2026-10-10T11:05:00Z,kv-4,5.378136320199125
2026-10-10T11:05:00Z,kv-5,4.199999999999999
2026-10-10T11:05:15Z,kv-0,7.888888888888888
2026-10-10T11:05:15Z,kv-1,2.711111111111111
2026-10-10T11:05:15Z,kv-2,5.955555555555555
2026-10-10T11:05:15Z,kv-3,4.088888888888889
2026-10-10T11:05:15Z,kv-4,3.5555555555555554
2026-10-10T11:05:15Z,kv-5,6.822222222222221
2026-10-10T11:05:30Z,kv-0,22.177777777777774
2026-10-10T11:05:30Z,kv-1,5.466666666666666
2026-10-10T11:05:30Z,kv-2,9.755555555555555
2026-10-10T11:05:30Z,kv-3,20.73333333333333
2026-10-10T11:05:30Z,kv-4,6.6
2026-10-10T11:05:30Z,kv-5,10.244444444444444
2026-10-10T11:05:45Z,kv-0,22.199999999999996
2026-10-10T11:05:45Z,kv-1,5.955555555555555
2026-10-10T11:05:45Z,kv-2,8.6
2026-10-10T11:05:45Z,kv-3,20.444444444444443
2026-10-10T11:05:45Z,kv-4,8.42222222222222
2026-10-10T11:05:45Z,kv-5,9.044444444444443
2026-10-10T11:06:00Z,kv-0,21.4
2026-10-10T11:06:00Z,kv-1,6.0666666666666655
2026-10-10T11:06:00Z,kv-2,7.111111111111111
2026-10-10T11:06:00Z,kv-3,19.955555555555552
2026-10-10T11:06:00Z,kv-4,7.7333333333333325
2026-10-10T11:06:00Z,kv-5,6.355555555555555
2026-10-10T11:06:15Z,kv-0,23.199999999999996
2026-10-10T11:06:15Z,kv-1,19.911111111111108
2026-10-10T11:06:15Z,kv-2,35.53333333333333
2026-10-10T11:06:15Z,kv-3,20.599999999999998
2026-10-10T11:06:15Z,kv-4,33.46666666666666
2026-10-10T11:06:15Z,kv-5,17.2
2026-10-10T11:06:15Z,kv-6,2.053802222222222
2026-10-10T11:06:30Z,kv-0,29.93333333333333
2026-10-10T11:06:30Z,kv-1,19.2
2026-10-10T11:06:30Z,kv-2,35.666666666666664
2026-10-10T11:06:30Z,kv-3,33.15555555555555
2026-10-10T11:06:30Z,kv-4,32.17777777777778
2026-10-10T11:06:30Z,kv-5,19.155555555555555
2026-10-10T11:06:30Z,kv-6,2.033333333333333
2026-10-10T11:06:45Z,kv-0,30.15555555555555
2026-10-10T11:06:45Z,kv-1,19.977777777777774
2026-10-10T11:06:45Z,kv-2,37.33333333333333
2026-10-10T11:06:45Z,kv-3,32.02222222222222
2026-10-10T11:06:45Z,kv-4,32.577777777777776
2026-10-10T11:06:45Z,kv-5,21.066666666666663
2026-10-10T11:06:45Z,kv-6,2.0128644444444443
2026-10-10T11:07:00Z,kv-0,14.444444444444443
2026-10-10T11:07:00Z,kv-1,4.355555555555555
2026-10-10T11:07:00Z,kv-2,6.199999999999999
2026-10-10T11:07:00Z,kv-3,14.488888888888887
2026-10-10T11:07:00Z,kv-4,4.355555555555555
2026-10-10T11:07:00Z,kv-5,13.111111111111109
2026-10-10T11:07:15Z,kv-0,27.066666666666663
2026-10-10T11:07:15Z,kv-1,6.577777777777777
2026-10-10T11:07:15Z,kv-2,10.733333333333333
2026-10-10T11:07:15Z,kv-3,23.599999999999998
2026-10-10T11:07:15Z,kv-4,7.422222222222222
2026-10-10T11:07:15Z,kv-5,16.799999999999997
2026-10-10T11:07:30Z,kv-0,26.04444444444444
2026-10-10T11:07:30Z,kv-1,24.466666666666665
2026-10-10T11:07:30Z,kv-2,8.91111111111111
2026-10-10T11:07:30Z,kv-3,24.999999999999996
2026-10-10T11:07:30Z,kv-4,28.577777777777776
2026-10-10T11:07:30Z,kv-5,32.31111111111111
2026-10-10T11:07:45Z,kv-0,57.08888888888888
2026-10-10T11:07:45Z,kv-1,27.13333333333333
2026-10-10T11:07:45Z,kv-2,50.77777777777777
2026-10-10T11:07:45Z,kv-3,59.86666666666666
2026-10-10T11:07:45Z,kv-4,41.95555555555555
2026-10-10T11:07:45Z,kv-5,31.422222222222217
2026-10-10T11:07:45Z,kv-6,0
2026-10-10T11:08:00Z,kv-0,38.75555555555555
2026-10-10T11:08:00Z,kv-1,24.999999999999996
2026-10-10T11:08:00Z,kv-2,47.57777777777777
2026-10-10T11:08:00Z,kv-3,38.222222222222214
2026-10-10T11:08:00Z,kv-4,40.26666666666666
2026-10-10T11:08:00Z,kv-5,25.82222222222222
2026-10-10T11:08:00Z,kv-6,0
2026-10-10T11:08:15Z,kv-0,40.84444444444444
2026-10-10T11:08:15Z,kv-1,6.133333333333333
2026-10-10T11:08:15Z,kv-2,49.99999999999999
2026-10-10T11:08:15Z,kv-3,38.53333333333333
2026-10-10T11:08:15Z,kv-4,19.244444444444444
2026-10-10T11:08:15Z,kv-5,8.555555555555555
2026-10-10T11:08:15Z,kv-6,0
2026-10-10T11:08:30Z,kv-0,10.377777777777776
2026-10-10T11:08:30Z,kv-1,1.4444444444444442
2026-10-10T11:08:30Z,kv-2,7.355555555555554
2026-10-10T11:08:30Z,kv-3,6.288888888888888
2026-10-10T11:08:30Z,kv-4,5.288888888888888
2026-10-10T11:08:30Z,kv-5,0.9333333333333332
2026-10-10T11:08:45Z,kv-0,9.688888888888888
2026-10-10T11:08:45Z,kv-1,1.9555555555555553
2026-10-10T11:08:45Z,kv-2,6.422222222222222
2026-10-10T11:08:45Z,kv-3,8.622222222222222
2026-10-10T11:08:45Z,kv-4,5.266666666666666
2026-10-10T11:08:45Z,kv-5,0.39999999999999997
2026-10-10T11:09:00Z,kv-0,9.444444444444443
2026-10-10T11:09:00Z,kv-1,3.155555555555555
2026-10-10T11:09:00Z,kv-2,6.466666666666666
2026-10-10T11:09:00Z,kv-3,6.999999999999999
2026-10-10T11:09:00Z,kv-4,6.688888888888888
2026-10-10T11:09:00Z,kv-5,1.9777777777777776
2026-10-10T11:09:15Z,kv-0,7.7333333333333325
2026-10-10T11:09:15Z,kv-1,3.1777777777777776
2026-10-10T11:09:15Z,kv-2,6.71111111111111
2026-10-10T11:09:15Z,kv-3,4.088888888888889
2026-10-10T11:09:15Z,kv-4,4.999999999999999
2026-10-10T11:09:15Z,kv-5,3.0666666666666664
2026-10-10T11:09:30Z,kv-0,5.022222222222221
2026-10-10T11:09:30Z,kv-1,1.8666666666666665
2026-10-10T11:09:30Z,kv-2,4.777777777777777
2026-10-10T11:09:30Z,kv-3,1.111111111111111
2026-10-10T11:09:30Z,kv-4,2.711111111111111
2026-10-10T11:09:30Z,kv-5,3.0666666666666664
