time,seconds
2026-10-10T11:00:45Z,0.001823485048453177
2026-10-10T11:01:00Z,0.0018754773232202478
2026-10-10T11:01:15Z,0.0018857230117829164
2026-10-10T11:01:30Z,0.001900059247837046
2026-10-10T11:01:45Z,0.0018689735614307933
2026-10-10T11:02:00Z,0.0018665105386416864
2026-10-10T11:02:15Z,0.0018776002971768201
2026-10-10T11:02:30Z,0.0018846808510638298
2026-10-10T11:02:45Z,0.0018698120595144873
2026-10-10T11:03:00Z,0.0018435237329042639
2026-10-10T11:03:15Z,0.0018339748075577329
2026-10-10T11:03:30Z,0.0018161605206073754
2026-10-10T11:03:45Z,0.0018194653614457832
2026-10-10T11:04:00Z,0.0018315602836879435
2026-10-10T11:04:15Z,0.0018684560632321865
2026-10-10T11:04:30Z,0.0018804347826086958
2026-10-10T11:04:45Z,0.0019055183946488294
2026-10-10T11:05:00Z,0.0019066410075963508
2026-10-10T11:05:15Z,0.0019224669603524229
2026-10-10T11:05:30Z,0.0018618869209809264
2026-10-10T11:05:45Z,0.0018562691131498471
2026-10-10T11:06:00Z,0.001846800731261426
2026-10-10T11:06:15Z,0.0019056472915167538
2026-10-10T11:06:30Z,0.0018930612402502127
2026-10-10T11:06:45Z,0.0018944345156715371
2026-10-10T11:07:00Z,0.0018631567130669062
2026-10-10T11:07:15Z,0.0018574676219344172
2026-10-10T11:07:30Z,0.0018256313131313133
2026-10-10T11:07:45Z,0.0018456239491873717
2026-10-10T11:08:00Z,0.001851726155646577
2026-10-10T11:08:15Z,0.0018796281519310567
2026-10-10T11:08:30Z,0.0019010109519797809
2026-10-10T11:08:45Z,0.0018849270664505675
2026-10-10T11:09:00Z,0.0019003456221198156
2026-10-10T11:09:15Z,0.0019178082191780824
2026-10-10T11:09:30Z,0.0019403153153153153
